{
  "timestamp": "2026-03-03T20:50:57",
  "model": "nightmedia/Qwen3.5-122B-A10B-Text-mxfp4-mlx",
  "results": [
    {
      "strategy": "fp16",
      "context_length": 4096,
      "perplexity": 1.0113117301449763,
      "std_error": 0.004149234299658667,
      "peak_memory_gb": 63.43588414974511,
      "eval_time_s": 7.951138019561768,
      "tokens_per_second": 4.0245811255284565,
      "kv_memory_estimate_gb": 0.09375,
      "skipped": false,
      "skip_reason": ""
    },
    {
      "strategy": "q8",
      "context_length": 4096,
      "perplexity": 1.0113496462690108,
      "std_error": 0.004206386910060178,
      "peak_memory_gb": 63.39415138401091,
      "eval_time_s": 7.320130109786987,
      "tokens_per_second": 4.3715069978354775,
      "kv_memory_estimate_gb": 0.053906249999999996,
      "skipped": false,
      "skip_reason": ""
    }
  ]
}