{
  "timestamp": "2026-03-03T20:54:59",
  "model": "nightmedia/Qwen3.5-122B-A10B-Text-mxfp4-mlx",
  "results": [
    {
      "strategy": "fp16",
      "context_length": 4096,
      "perplexity": 3.2551013287527515,
      "std_error": 0.997816227974857,
      "peak_memory_gb": 63.435868890956044,
      "eval_time_s": 8.24997091293335,
      "tokens_per_second": 3.878801554298101,
      "kv_memory_estimate_gb": 0.09375,
      "skipped": false,
      "skip_reason": ""
    },
    {
      "strategy": "k8v4",
      "context_length": 4096,
      "perplexity": 3.410142262807761,
      "std_error": 1.091297036711069,
      "peak_memory_gb": 63.38925331272185,
      "eval_time_s": 7.638850927352905,
      "tokens_per_second": 4.189111726924219,
      "kv_memory_estimate_gb": 0.0404296875,
      "skipped": false,
      "skip_reason": ""
    }
  ]
}